,topic0,topic1,topic2,topic3,topic4,topic5,topic6,topic7,topic8,topic9,topic10,topic11,topic12,topic13,topic14,topic15,topic16,topic17,topic18,topic19,topic20,topic21,topic22,topic23,topic24,topic25,topic26,topic27,topic28,topic29,topic30,topic31,topic32,topic33,topic34,topic35,topic36,topic37,topic38,topic39,topic40,topic41,topic42,topic43,topic44,topic45,topic46,topic47,topic48,topic49,project,date
Linking,5.212405525150168e-06,5.212405525150168e-06,5.212405525150168e-06,5.212405525150168e-06,5.212405525150168e-06,5.212405525150168e-06,5.212405525150168e-06,5.212405525150168e-06,5.212405525150168e-06,0.9474913629522658,5.212405525150168e-06,5.212405525150168e-06,5.212405525150168e-06,5.212405525150168e-06,5.212405525150168e-06,5.212405525150168e-06,5.212405525150168e-06,5.212405525150168e-06,5.212405525150168e-06,5.212405525150168e-06,5.212405525150168e-06,5.212405525150168e-06,5.212405525150168e-06,0.05225844158252713,5.212405525150168e-06,5.212405525150168e-06,5.212405525150168e-06,5.212405525150168e-06,5.212405525150168e-06,5.212405525150168e-06,5.212405525150168e-06,5.212405525150168e-06,5.212405525150168e-06,5.212405525150168e-06,5.212405525150168e-06,5.212405525150168e-06,5.212405525150168e-06,5.212405525150168e-06,5.212405525150168e-06,5.212405525150168e-06,5.212405525150168e-06,5.212405525150168e-06,5.212405525150168e-06,5.212405525150168e-06,5.212405525150168e-06,5.212405525150168e-06,5.212405525150168e-06,5.212405525150168e-06,5.212405525150168e-06,5.212405525150168e-06,Linking,2016-10
Delete,7.722007722007911e-05,7.722007722007911e-05,7.722007722007911e-05,7.722007722007911e-05,7.722007722007911e-05,7.722007722007911e-05,7.722007722007911e-05,7.722007722007911e-05,7.722007722007911e-05,0.8680981559269059,7.722007722007911e-05,7.722007722007911e-05,7.722007722007911e-05,7.722007722007911e-05,7.722007722007911e-05,7.722007722007911e-05,7.722007722007911e-05,7.722007722007911e-05,7.722007722007911e-05,7.722007722007911e-05,7.722007722007911e-05,7.722007722007911e-05,7.722007722007911e-05,7.722007722007911e-05,7.722007722007911e-05,7.722007722007911e-05,7.722007722007911e-05,7.722007722007911e-05,7.722007722007911e-05,7.722007722007911e-05,7.722007722007911e-05,7.722007722007911e-05,7.722007722007911e-05,7.722007722007911e-05,7.722007722007911e-05,7.722007722007911e-05,7.722007722007911e-05,7.722007722007911e-05,0.1281952803665302,7.722007722007911e-05,7.722007722007911e-05,7.722007722007911e-05,7.722007722007911e-05,7.722007722007911e-05,7.722007722007911e-05,7.722007722007911e-05,7.722007722007911e-05,7.722007722007911e-05,7.722007722007911e-05,7.722007722007911e-05,Delete,2016-10
ScienceDirect,7.662835249042426e-05,7.662835249042426e-05,7.662835249042426e-05,7.662835249042426e-05,7.662835249042426e-05,0.09686352214463369,7.662835249042426e-05,7.662835249042426e-05,7.662835249042426e-05,7.662835249042426e-05,7.662835249042426e-05,7.662835249042426e-05,7.662835249042426e-05,7.662835249042426e-05,7.662835249042426e-05,7.662835249042426e-05,7.662835249042426e-05,7.662835249042426e-05,0.8186358815208485,7.662835249042426e-05,7.662835249042426e-05,7.662835249042426e-05,7.662835249042426e-05,7.662835249042426e-05,7.662835249042426e-05,7.662835249042426e-05,7.662835249042426e-05,7.662835249042426e-05,7.662835249042426e-05,7.662835249042426e-05,7.662835249042426e-05,7.662835249042426e-05,7.662835249042426e-05,7.662835249042426e-05,7.662835249042426e-05,7.662835249042426e-05,7.662835249042426e-05,7.662835249042426e-05,7.662835249042426e-05,7.662835249042426e-05,7.662835249042426e-05,7.662835249042426e-05,7.662835249042426e-05,7.662835249042426e-05,0.08089906376746771,7.662835249042426e-05,7.662835249042426e-05,7.662835249042426e-05,7.662835249042426e-05,7.662835249042426e-05,ScienceDirect,2016-10
TextSummary,0.0003333333333333456,0.0003333333333333456,0.0003333333333333456,0.0003333333333333456,0.0003333333333333456,0.0003333333333333456,0.0003333333333333456,0.0003333333333333456,0.0003333333333333456,0.0003333333333333456,0.0003333333333333456,0.0003333333333333456,0.0003333333333333456,0.0003333333333333456,0.0003333333333333456,0.0003333333333333456,0.0003333333334665102,0.0003333333333333456,0.0003333333333333456,0.0003333333333333456,0.0003333333333333456,0.0003333333333333456,0.0003333333333333456,0.0003333333333333456,0.0003333333333333456,0.0003333333333333456,0.0003333333333333456,0.0003333333333333456,0.0003333333333333456,0.0003333333333333456,0.0003333333333333456,0.0003333333333333456,0.0003333333333333456,0.0003333333333333456,0.0003333333333333456,0.0003333333333333456,0.0003333333333333456,0.0003333333333333456,0.0003333333333333456,0.0003333333333333456,0.0003333333333333456,0.0003333333333333456,0.0003333333333333456,0.0003333333333333456,0.9836666666665328,0.0003333333333333456,0.0003333333333333456,0.0003333333333333456,0.0003333333333333456,0.0003333333333333456,TextSummary,2016-10
MoodleConsumer,0.00014084507042254086,0.00014084507042254086,0.00014084507042254086,0.00014084507042254086,0.00014084507042254086,0.00014084507042254086,0.00014084507042254086,0.00014084507042254086,0.00014084507042254086,0.00014084507042254086,0.00014084507042254086,0.00014084507042254086,0.00014084507042254086,0.00014084507042254086,0.00014084507042254086,0.00014084507042254086,0.00014084507042254086,0.00014084507042254086,0.00014084507042254086,0.00014084507042254086,0.00014084507042254086,0.00014084507042254086,0.00014084507042254086,0.00014084507042254086,0.00014084507042254086,0.00014084507042254086,0.00014084507042254086,0.00014084507042254086,0.00014084507042254086,0.00014084507042254086,0.00014084507042254086,0.00014084507042254086,0.00014084507042254086,0.00014084507042254086,0.00014084507042254086,0.00014084507042254086,0.00014084507042254086,0.00014084507042254086,0.00014084507042254086,0.00014084507042254086,0.00014084507042254086,0.00014084507042254086,0.060902968530231895,0.00014084507042254086,0.00014084507042254086,0.932336468089486,0.00014084507042254086,0.00014084507042254086,0.00014084507042254086,0.00014084507042254086,MoodleConsumer,2016-10
LastAnnotation,0.0004651162790697822,0.0004651162790697822,0.0004651162790697822,0.0004651162790697822,0.0004651162790697822,0.0004651162790697822,0.0004651162790697822,0.0004651162790697822,0.0004651162790697822,0.0004651162790697822,0.0004651162790697822,0.0004651162790697822,0.0004651162790697822,0.0004651162790697822,0.0004651162790697822,0.0004651162790697822,0.0004651162790697822,0.0004651162790697822,0.0004651162790697822,0.0004651162790697822,0.0004651162790697822,0.0004651162790697822,0.0004651162790697822,0.0004651162790697822,0.0004651162790697822,0.0004651162790697822,0.0004651162790697822,0.0004651162790697822,0.0004651162790697822,0.0004651162790697822,0.0004651162790697822,0.0004651162790697822,0.0004651162790697822,0.0004651162790697822,0.0004651162790697822,0.0004651162790697822,0.0004651162790697822,0.0004651162790697822,0.0004651162790697822,0.0004651162790697822,0.0004651162790697822,0.0004651162790697822,0.0004651162790697822,0.0004651162790697822,0.9772093023255806,0.0004651162790697822,0.0004651162790697822,0.0004651162790697822,0.0004651162790697822,0.0004651162790697822,LastAnnotation,2016-10
Manual,1.1560693641619353e-05,1.1560693641619353e-05,1.1560693641619353e-05,1.1560693641619353e-05,1.1560693641619353e-05,0.08673256828856951,1.1560693641619353e-05,1.1560693641619353e-05,1.1560693641619353e-05,1.1560693641619353e-05,1.1560693641619353e-05,1.1560693641619353e-05,1.1560693641619353e-05,1.1560693641619353e-05,1.1560693641619353e-05,1.1560693641619353e-05,1.1560693641619353e-05,1.1560693641619353e-05,1.1560693641619353e-05,1.1560693641619353e-05,1.1560693641619353e-05,1.1560693641619353e-05,1.1560693641619353e-05,1.1560693641619353e-05,1.1560693641619353e-05,0.8851031625055373,1.1560693641619353e-05,1.1560693641619353e-05,1.1560693641619353e-05,1.1560693641619353e-05,1.1560693641619353e-05,1.1560693641619353e-05,1.1560693641619353e-05,1.1560693641619353e-05,1.156069365729697e-05,1.1560693641619353e-05,1.1560693641619353e-05,1.1560693641619353e-05,1.1560693641619353e-05,1.1560693641619353e-05,1.1560693641619353e-05,1.1560693641619353e-05,1.1560693641619353e-05,1.1560693641619353e-05,0.027620916604721584,1.1560693641619353e-05,1.1560693641619353e-05,1.1560693641619353e-05,1.1560693641619353e-05,1.1560693641619353e-05,Manual,2016-10
Assessing,0.0006451612903225864,0.0006451612903225864,0.0006451612903225864,0.0006451612903225864,0.0006451612903225864,0.0006451612903225864,0.0006451612903225864,0.0006451612903225864,0.0006451612903225864,0.0006451612903225864,0.0006451612903225864,0.0006451612903225864,0.0006451612903225864,0.0006451612903225864,0.0006451612903225864,0.0006451612903225864,0.0006451612903225864,0.0006451612903225864,0.0006451612903225864,0.0006451612903225864,0.0006451612903225864,0.0006451612903225864,0.0006451612903225864,0.0006451612903225864,0.0006451612903225864,0.0006451612903225864,0.0006451612903225864,0.0006451612903225864,0.0006451612903225864,0.0006451612903225864,0.0006451612903225864,0.0006451612903225864,0.0006451612903225864,0.0006451612903225864,0.0006451612903225864,0.0006451612903225864,0.0006451612903225864,0.0006451612903225864,0.0006451612903225864,0.0006451612903225864,0.0006451612903225864,0.0006451612903225864,0.9683870967741932,0.0006451612903225864,0.0006451612903225864,0.0006451612903225864,0.0006451612903225864,0.0006451612903225864,0.0006451612903225864,0.0006451612903225864,Assessing,2016-10
HTML,0.0007692307692307872,0.0007692307692307872,0.0007692307692307872,0.0007692307692307872,0.0007692307692307872,0.0007692307692307872,0.0007692307692307872,0.0007692307692307872,0.0007692307692307872,0.0007692307692307872,0.0007692307692307872,0.0007692307692307872,0.0007692307692307872,0.0007692307692307872,0.0007692307692307872,0.0007692307692307872,0.0007692307692307872,0.0007692307692307872,0.0007692307692307872,0.0007692307692307872,0.0007692307692307872,0.5370028786986748,0.0007692307692307872,0.0007692307692307872,0.0007692307692307872,0.0007692307692307872,0.0007692307692307872,0.0007692307692307872,0.0007692307692307872,0.0007692307692307872,0.0007692307692307872,0.0007692307692307872,0.0007692307692307872,0.0007692307692307872,0.0007692307692307872,0.0007692307692307872,0.0007692307692307872,0.0007692307692307872,0.4260740443782476,0.0007692307692307872,0.0007692307692307872,0.0007692307692307872,0.0007692307692307872,0.0007692307692307872,0.0007692307692307872,0.0007692307692307872,0.0007692307692307872,0.0007692307692307872,0.0007692307692307872,0.0007692307692307872,HTML,2016-10
Update,0.00013793103448276318,0.00013793103448276318,0.00013793103448276318,0.00013793103448276318,0.00013793103448276318,0.00013793103448276318,0.00013793103448276318,0.00013793103448276318,0.00013793103448276318,0.8612489062854579,0.00013793103448276318,0.00013793103448276318,0.00013793103448276318,0.00013793103448276318,0.00013793103448276318,0.00013793103448276318,0.00013793103448276318,0.00013793103448276318,0.00013793103448276318,0.00013793103448276318,0.00013793103448276318,0.00013793103448276318,0.00013793103448276318,0.1321304040593695,0.00013793103448276318,0.00013793103448276318,0.00013793103448276318,0.00013793103448276318,0.00013793103448276318,0.00013793103448276318,0.00013793103448276318,0.00013793103448276318,0.00013793103448276318,0.00013793103448276318,0.00013793103448276318,0.00013793103448276318,0.00013793103448276318,0.00013793103448276318,0.00013793103448276318,0.00013793103448276318,0.00013793103448276318,0.00013793103448276318,0.00013793103448276318,0.00013793103448276318,0.00013793103448276318,0.00013793103448276318,0.00013793103448276318,0.00013793103448276318,0.00013793103448276318,0.00013793103448276318,Update,2016-10
Hypothesis,1.6142050040356386e-05,1.6142050040356386e-05,1.6142050040356386e-05,1.6142050040356386e-05,1.6142050040356386e-05,0.938256639404297,1.6142050040356386e-05,1.6142050040356386e-05,0.03593258768287592,1.6142050040356386e-05,1.6142050040356386e-05,1.6142050040356386e-05,1.6142050040356386e-05,1.6142050040356386e-05,1.6142050040356386e-05,1.6142050040356386e-05,1.6142050040356386e-05,1.6142050040356386e-05,1.6142050040356386e-05,1.6142050040356386e-05,1.6142050040356386e-05,1.6142050040356386e-05,1.6142050040356386e-05,1.6142050040356386e-05,1.6142050040356386e-05,1.6142050040356386e-05,1.6142050040356386e-05,1.6142050040356386e-05,1.6142050040356386e-05,1.6142050040356386e-05,1.6142050040356386e-05,1.6142050040356386e-05,1.6142050040356386e-05,1.6142050040356386e-05,1.6142050040356386e-05,1.6142050040356386e-05,1.6142050040356386e-05,1.6142050040356386e-05,1.6142050040356386e-05,1.6142050040356386e-05,1.6142050040356386e-05,1.6142050040356386e-05,0.025052096560930597,1.6142050040356386e-05,1.6142050040356386e-05,1.6142050040356386e-05,1.6142050040356386e-05,1.6142050040356386e-05,1.6142050040356386e-05,1.6142050040356386e-05,Hypothesis,2016-10
AnnotationServer,1.4534883720930694e-05,1.4534883720930694e-05,1.4534883720930694e-05,1.4534883720930694e-05,1.4534883720930694e-05,0.9992877906976746,1.4534883720930694e-05,1.4534883720930694e-05,1.4534883720930694e-05,1.4534883720930694e-05,1.4534883720930694e-05,1.4534883720930694e-05,1.4534883720930694e-05,1.4534883720930694e-05,1.4534883720930694e-05,1.4534883720930694e-05,1.4534883720930694e-05,1.4534883720930694e-05,1.4534883720930694e-05,1.4534883720930694e-05,1.4534883720930694e-05,1.4534883720930694e-05,1.4534883720930694e-05,1.4534883720930694e-05,1.4534883720930694e-05,1.4534883720930694e-05,1.4534883720930694e-05,1.4534883720930694e-05,1.4534883720930694e-05,1.4534883720930694e-05,1.4534883720930694e-05,1.4534883720930694e-05,1.4534883720930694e-05,1.4534883720930694e-05,1.4534883720930694e-05,1.4534883720930694e-05,1.4534883720930694e-05,1.4534883720930694e-05,1.4534883720930694e-05,1.4534883720930694e-05,1.4534883720930694e-05,1.4534883720930694e-05,1.4534883720930694e-05,1.4534883720930694e-05,1.4534883720930694e-05,1.4534883720930694e-05,1.4534883720930694e-05,1.4534883720930694e-05,1.4534883720930694e-05,1.4534883720930694e-05,AnnotationServer,2016-10
Hierarchy,0.042150658532034126,8.650519031142445e-06,8.650519031142445e-06,8.650519031142445e-06,8.650519031142445e-06,8.650519031142445e-06,8.650519031142445e-06,8.650519031142445e-06,8.650519031142445e-06,0.05760612372140329,8.650519031142445e-06,8.650519031142445e-06,8.650519031142445e-06,8.650519031142445e-06,8.650519031142445e-06,8.650519031142445e-06,8.650519031142445e-06,8.650519031142445e-06,8.650519031142445e-06,8.650519031142445e-06,8.650519031142445e-06,8.650519031142445e-06,8.650519031142445e-06,0.8735879464888118,8.650519031142445e-06,8.650519031142445e-06,8.650519031142445e-06,8.650519031142445e-06,8.650519031142445e-06,8.650519031142445e-06,8.650519031142445e-06,8.650519031142445e-06,8.650519031142445e-06,8.650519031142445e-06,8.650519031142445e-06,8.650519031142445e-06,8.650519031142445e-06,8.650519031142445e-06,8.650519031142445e-06,8.650519031142445e-06,8.650519031142445e-06,8.650519031142445e-06,8.650519031142445e-06,0.026257347382318354,8.650519031142445e-06,8.650519031142445e-06,8.650519031142445e-06,8.650519031142445e-06,8.650519031142445e-06,8.650519031142445e-06,Hierarchy,2016-10
MoodleReport,5.5096418732785915e-05,5.5096418732785915e-05,5.5096418732785915e-05,5.5096418732785915e-05,0.09100873838441395,5.5096418732785915e-05,5.5096418732785915e-05,5.5096418732785915e-05,5.5096418732785915e-05,5.5096418732785915e-05,5.5096418732785915e-05,5.5096418732785915e-05,5.5096418732785915e-05,5.5096418732785915e-05,5.5096418732785915e-05,5.5096418732785915e-05,5.5096418732785915e-05,5.5096418732785915e-05,5.5096418732785915e-05,5.5096418732785915e-05,5.5096418732785915e-05,5.5096418732785915e-05,5.5096418732785915e-05,0.2468453860265237,5.5096418732785915e-05,5.5096418732785915e-05,5.5096418732785915e-05,5.5096418732785915e-05,5.5096418732785915e-05,5.5096418732785915e-05,5.5096418732785915e-05,5.5096418732785915e-05,5.5096418732785915e-05,5.5096418732785915e-05,5.5096418732785915e-05,5.5096418732785915e-05,5.5096418732785915e-05,5.5096418732785915e-05,0.03455897461846683,5.5096418732785915e-05,5.5096418732785915e-05,5.5096418732785915e-05,0.019910971544409996,5.5096418732785915e-05,0.08052545884001139,0.5247262281619316,5.5096418732785915e-05,5.5096418732785915e-05,5.5096418732785915e-05,5.5096418732785915e-05,MoodleReport,2016-10
MoodleResource,2.7932960893857073e-05,2.7932960893857073e-05,2.7932960893857073e-05,2.7932960893857073e-05,0.39698886943963274,2.7932960893857073e-05,2.7932960893857073e-05,2.7932960893857073e-05,2.7932960893857073e-05,0.037664271750157595,2.7932960893857073e-05,2.7932960893857073e-05,2.7932960893857073e-05,2.7932960893857073e-05,2.7932960893857073e-05,2.7932960893857073e-05,2.7932960893857073e-05,2.7932960893857073e-05,2.7932960893857073e-05,2.7932960893857073e-05,2.7932960893857073e-05,0.030865074888339256,2.7932960893857073e-05,2.7932960893857073e-05,2.7932960893857073e-05,2.7932960893857073e-05,2.7932960893857073e-05,2.7932960893857073e-05,2.7932960893857073e-05,2.7932960893857073e-05,2.7932960893857073e-05,2.7932960893857073e-05,2.7932960893857073e-05,2.7932960893857073e-05,2.7932960893857073e-05,2.7932960893857073e-05,2.7932960893857073e-05,2.7932960893857073e-05,2.7932960893857073e-05,2.7932960893857073e-05,2.7932960893857073e-05,2.7932960893857073e-05,2.7932960893857073e-05,2.7932960893857073e-05,2.7932960893857073e-05,0.5331968677207531,2.7932960893857073e-05,2.7932960893857073e-05,2.7932960893857073e-05,2.7932960893857073e-05,MoodleResource,2016-10
Selector,5.899705014749515e-05,5.899705014749515e-05,5.899705014749515e-05,5.899705014749515e-05,5.899705014749515e-05,5.899705014749515e-05,5.899705014749515e-05,5.899705014749515e-05,5.899705014749515e-05,5.899705014749515e-05,5.899705014749515e-05,5.899705014749515e-05,5.899705014749515e-05,5.899705014749515e-05,5.899705014749515e-05,5.899705014749515e-05,5.899705014749515e-05,5.899705014749515e-05,5.899705014749515e-05,5.899705014749515e-05,5.899705014749515e-05,5.899705014749515e-05,5.899705014749515e-05,0.09049989679759603,5.899705014749515e-05,5.899705014749515e-05,5.899705014749515e-05,5.899705014749515e-05,5.899705014749515e-05,5.899705014749515e-05,5.899705014749515e-05,5.899705014749515e-05,5.899705014749515e-05,5.899705014749515e-05,5.899705014749515e-05,5.899705014749515e-05,5.899705014749515e-05,5.899705014749515e-05,0.9066682447953244,5.899705014749515e-05,5.899705014749515e-05,5.899705014749515e-05,5.899705014749515e-05,5.899705014749515e-05,5.899705014749515e-05,5.899705014749515e-05,5.899705014749515e-05,5.899705014749515e-05,5.899705014749515e-05,5.899705014749515e-05,Selector,2016-10
DOI,9.389671361502792e-05,9.389671361502792e-05,9.389671361502792e-05,9.389671361502792e-05,9.389671361502792e-05,0.008042744964872606,9.389671361502792e-05,9.389671361502792e-05,9.389671361585183e-05,9.389671361502792e-05,9.389671361502792e-05,9.389671361502792e-05,9.389671361502792e-05,9.389671361502792e-05,9.389671361502792e-05,9.389671361502792e-05,9.389671361502792e-05,9.389671361502792e-05,0.8726613591671506,9.389671361502792e-05,9.389671361502792e-05,9.389671361502792e-05,9.389671361502792e-05,9.389671361502792e-05,9.389671361502792e-05,9.389671361502792e-05,9.389671361502792e-05,9.389671361502792e-05,9.389671361502792e-05,9.389671361502792e-05,9.389671361502792e-05,9.389671361502792e-05,9.389671361502792e-05,9.389671361502792e-05,9.389671361502792e-05,9.389671361502792e-05,9.389671361502792e-05,9.389671361502792e-05,9.389671361502792e-05,9.389671361502792e-05,9.389671361502792e-05,9.389671361502792e-05,9.389671361502792e-05,9.389671361502792e-05,0.11488275032806944,9.389671361502792e-05,9.389671361502792e-05,9.389671361502792e-05,9.389671361502792e-05,9.389671361502792e-05,DOI,2016-10
Categorize,0.00028571428571429164,0.00028571428571429164,0.00028571428571429164,0.00028571428571429164,0.00028571428571429164,0.00028571428571429164,0.00028571428571429164,0.00028571428571429164,0.00028571428571429164,0.00028571428571429164,0.00028571428571429164,0.00028571428571429164,0.00028571428571429164,0.00028571428571429164,0.00028571428571429164,0.00028571428571429164,0.00028571428571429164,0.00028571428571429164,0.00028571428571429164,0.00028571428571429164,0.00028571428571429164,0.00028571428571429164,0.00028571428571429164,0.00028571428571429164,0.00028571428571429164,0.00028571428571429164,0.00028571428571429164,0.00028571428571429164,0.00028571428571429164,0.00028571428571429164,0.00028571428571429164,0.00028571428571429164,0.00028571428571429164,0.00028571428571429164,0.00028571428571429164,0.00028571428571429164,0.00028571428571429164,0.00028571428571429164,0.00028571428571429164,0.00028571428571429164,0.00028571428571429164,0.00028571428571429164,0.9859999999999999,0.00028571428571429164,0.00028571428571429164,0.00028571428571429164,0.00028571428571429164,0.00028571428571429164,0.00028571428571429164,0.00028571428571429164,Categorize,2016-10
ExportCodebook,2.4449877750612956e-05,2.4449877750612956e-05,2.4449877750612956e-05,2.4449877750612956e-05,2.4449877750612956e-05,2.4449877750612956e-05,2.4449877750612956e-05,2.4449877750612956e-05,2.4449877750612956e-05,2.4449877750612956e-05,2.4449877750612956e-05,2.4449877750612956e-05,2.4449877750612956e-05,2.4449877750612956e-05,2.4449877750612956e-05,2.4449877750612956e-05,2.4449877750612956e-05,2.4449877750612956e-05,2.4449877750612956e-05,2.4449877750612956e-05,2.4449877750612956e-05,2.4449877750612956e-05,2.4449877750612956e-05,0.08381127583835048,2.4449877750612956e-05,0.7853644507663481,2.4449877750612956e-05,2.4449877750612956e-05,2.4449877750612956e-05,2.4449877750612956e-05,2.4449877750612956e-05,2.4449877750612956e-05,2.4449877750612956e-05,2.4449877750612956e-05,0.12967512914102275,2.4449877750612956e-05,2.4449877750612956e-05,2.4449877750612956e-05,2.4449877750612956e-05,2.4449877750612956e-05,2.4449877750612956e-05,2.4449877750612956e-05,2.4449877750612956e-05,2.4449877750612956e-05,2.4449877750612956e-05,2.4449877750612956e-05,2.4449877750612956e-05,2.4449877750612956e-05,2.4449877750612956e-05,2.4449877750612956e-05,ExportCodebook,2016-10
Springer,7.692307692307901e-05,7.692307692307901e-05,7.692307692307901e-05,7.692307692307901e-05,7.692307692307901e-05,7.692307692307901e-05,7.692307692307901e-05,7.692307692307901e-05,7.692307692307901e-05,7.692307692307901e-05,7.692307692307901e-05,7.692307692307901e-05,7.692307692307901e-05,7.692307692307901e-05,7.692307692307901e-05,7.692307692307901e-05,7.692307692307901e-05,7.692307692307901e-05,7.692307692307901e-05,7.692307692307901e-05,7.692307692307901e-05,7.692307692307901e-05,7.692307692307901e-05,7.692307692307901e-05,7.692307692307901e-05,7.692307692307901e-05,7.692307692307901e-05,7.692307692307901e-05,7.692307692307901e-05,7.692307692307901e-05,7.692307692307901e-05,7.692307692307901e-05,7.692307692307901e-05,7.692307692307901e-05,7.692307692307901e-05,7.692307692307901e-05,7.692307692307901e-05,7.692307692307901e-05,7.692307692307901e-05,7.692307692307901e-05,7.692307692307901e-05,7.692307692307901e-05,7.692307692307901e-05,7.692307692307901e-05,0.996230769230769,7.692307692307901e-05,7.692307692307901e-05,7.692307692307901e-05,7.692307692307901e-05,7.692307692307901e-05,Springer,2016-10
Canvas,0.0004878048780487985,0.0004878048780487985,0.0004878048780487985,0.0004878048780487985,0.0004878048780487985,0.0004878048780487985,0.0004878048780487985,0.0004878048780487985,0.0004878048780487985,0.0004878048780487985,0.0004878048780487985,0.0004878048780487985,0.0004878048780487985,0.0004878048780487985,0.0004878048780487985,0.0004878048780487985,0.0004878048780487985,0.0004878048780487985,0.0004878048780487985,0.0004878048780487985,0.0004878048780487985,0.0004878048780487985,0.0004878048780487985,0.0004878048780487985,0.0004878048780487985,0.0004878048780487985,0.0004878048780487985,0.0004878048780487985,0.0004878048780487985,0.0004878048780487985,0.0004878048780487985,0.0004878048780487985,0.0004878048780487985,0.0004878048780487985,0.0004878048780487985,0.0004878048780487985,0.0004878048780487985,0.0004878048780487985,0.0004878048780487985,0.0004878048780487985,0.0004878048780487985,0.0004878048780487985,0.0004878048780487985,0.0004878048780487985,0.9760975609756087,0.0004878048780487985,0.0004878048780487985,0.0004878048780487985,0.0004878048780487985,0.0004878048780487985,Canvas,2016-10
UserFilter,5.34759358288792e-05,5.34759358288792e-05,5.34759358288792e-05,5.34759358288792e-05,5.34759358288792e-05,5.34759358288792e-05,5.34759358288792e-05,5.34759358288792e-05,5.34759358288792e-05,0.9973796791443852,5.34759358288792e-05,5.34759358288792e-05,5.34759358288792e-05,5.34759358288792e-05,5.34759358288792e-05,5.34759358288792e-05,5.34759358288792e-05,5.34759358288792e-05,5.34759358288792e-05,5.34759358288792e-05,5.34759358288792e-05,5.34759358288792e-05,5.34759358288792e-05,5.34759358288792e-05,5.34759358288792e-05,5.34759358288792e-05,5.34759358288792e-05,5.34759358288792e-05,5.34759358288792e-05,5.34759358288792e-05,5.34759358288792e-05,5.34759358288792e-05,5.34759358288792e-05,5.34759358288792e-05,5.34759358288792e-05,5.34759358288792e-05,5.34759358288792e-05,5.34759358288792e-05,5.34759358288792e-05,5.34759358288792e-05,5.34759358288792e-05,5.34759358288792e-05,5.34759358288792e-05,5.34759358288792e-05,5.34759358288792e-05,5.34759358288792e-05,5.34759358288792e-05,5.34759358288792e-05,5.34759358288792e-05,5.34759358288792e-05,UserFilter,2016-10
Commenting,0.0001503759398496283,0.0001503759398496283,0.0001503759398496283,0.0001503759398496283,0.0001503759398496283,0.0001503759398496283,0.0001503759398496283,0.0001503759398496283,0.0001503759398496283,0.0001503759398496283,0.0001503759398496283,0.0001503759398496283,0.0001503759398496283,0.0001503759398496283,0.0001503759398496283,0.0001503759398496283,0.40337773469063226,0.0001503759398496283,0.0001503759398496283,0.0001503759398496283,0.0001503759398496283,0.0001503759398496283,0.0001503759398496283,0.0001503759398496283,0.0001503759398496283,0.0001503759398496283,0.0001503759398496283,0.0001503759398496283,0.0001503759398496283,0.0001503759398496283,0.0001503759398496283,0.0001503759398496283,0.0001503759398496283,0.0001503759398496283,0.0001503759398496283,0.0001503759398496283,0.0001503759398496283,0.0001503759398496283,0.2873429371980808,0.0001503759398496283,0.0001503759398496283,0.0001503759398496283,0.3022116589383542,0.0001503759398496283,0.0001503759398496283,0.0001503759398496283,0.0001503759398496283,0.0001503759398496283,0.0001503759398496283,0.0001503759398496283,Commenting,2016-10
CodebookDelete,2.6990553306343672e-05,2.6990553306343672e-05,2.6990553306343672e-05,2.6990553306343672e-05,2.6990553306343672e-05,2.6990553306343672e-05,2.6990553306343672e-05,2.6990553306343672e-05,2.6990553306343672e-05,2.6990553306343672e-05,2.6990553306343672e-05,2.6990553306343672e-05,2.6990553306343672e-05,2.6990553306343672e-05,2.6990553306343672e-05,2.6990553306343672e-05,2.6990553306343672e-05,2.6990553306343672e-05,2.6990553306343672e-05,2.6990553306343672e-05,2.6990553306343672e-05,2.6990553306343672e-05,2.6990553306343672e-05,2.6990553306343672e-05,2.6990553306343672e-05,0.9986774628879893,2.6990553306343672e-05,2.6990553306343672e-05,2.6990553306343672e-05,2.6990553306343672e-05,2.6990553306343672e-05,2.6990553306343672e-05,2.6990553306343672e-05,2.6990553306343672e-05,2.6990553306343672e-05,2.6990553306343672e-05,2.6990553306343672e-05,2.6990553306343672e-05,2.6990553306343672e-05,2.6990553306343672e-05,2.6990553306343672e-05,2.6990553306343672e-05,2.6990553306343672e-05,2.6990553306343672e-05,2.6990553306343672e-05,2.6990553306343672e-05,2.6990553306343672e-05,2.6990553306343672e-05,2.6990553306343672e-05,2.6990553306343672e-05,CodebookDelete,2016-10
Hosting,3.395585738540008e-05,3.395585738540008e-05,3.395585738540008e-05,3.395585738540008e-05,3.395585738540008e-05,0.04517818101748043,3.395585738540008e-05,3.395585738540008e-05,3.395585738540008e-05,3.395585738540008e-05,3.395585738540008e-05,3.395585738540008e-05,3.395585738540008e-05,3.395585738540008e-05,3.395585738540008e-05,3.395585738540008e-05,3.395585738540008e-05,3.395585738540008e-05,3.395585738540008e-05,3.395585738540008e-05,3.395585738540008e-05,3.395585738540008e-05,3.395585738540008e-05,3.395585738540008e-05,3.395585738540008e-05,3.395585738540008e-05,3.395585738540008e-05,3.395585738540008e-05,3.395585738540008e-05,3.395585738540008e-05,3.395585738540008e-05,3.395585738540008e-05,3.395585738540008e-05,3.395585738540008e-05,3.395585738540008e-05,3.395585738540008e-05,3.395585738540008e-05,3.395585738540008e-05,3.395585738540008e-05,3.395585738540008e-05,3.395585738540008e-05,3.395585738540008e-05,3.395585738540008e-05,3.395585738540008e-05,0.9531919378280204,3.395585738540008e-05,3.395585738540008e-05,3.395585738540008e-05,3.395585738540008e-05,3.395585738540008e-05,Hosting,2016-10
MoodleComment,0.0003125000000000423,0.0003125000000000423,0.0003125000000000423,0.0003125000000000423,0.6161456499900533,0.0003125000000000423,0.0003125000000000423,0.0003125000000000423,0.0003125000000000423,0.0003125000000000423,0.0003125000000000423,0.0003125000000000423,0.0003125000000000423,0.0003125000000000423,0.0003125000000000423,0.0003125000000000423,0.20214201769958628,0.0003125000000000423,0.0003125000000000423,0.0003125000000000423,0.0003125000000000423,0.0003125000000000423,0.0003125000000000423,0.0003125000000000423,0.0003125000000000423,0.0003125000000000423,0.0003125000000000423,0.0003125000000000423,0.0003125000000000423,0.0003125000000000423,0.0003125000000000423,0.0003125000000000423,0.0003125000000000423,0.0003125000000000423,0.0003125000000000423,0.0003125000000000423,0.0003125000000000423,0.0003125000000000423,0.0003125000000000423,0.0003125000000000423,0.0003125000000000423,0.0003125000000000423,0.0003125000000000423,0.0003125000000000423,0.0003125000000000423,0.16702483231035808,0.0003125000000000423,0.0003125000000000423,0.0003125000000000423,0.0003125000000000423,MoodleComment,2016-10
SidebarNavigation,4.1580041580043396e-05,4.1580041580043396e-05,4.1580041580043396e-05,4.1580041580043396e-05,4.1580041580043396e-05,4.1580041580043396e-05,4.1580041580043396e-05,4.1580041580043396e-05,4.1580041580043396e-05,4.1580041580043396e-05,4.1580041580043396e-05,4.1580041580043396e-05,4.1580041580043396e-05,4.1580041580043396e-05,4.1580041580043396e-05,4.1580041580043396e-05,4.1580041580043396e-05,4.1580041580043396e-05,4.1580041580043396e-05,4.1580041580043396e-05,4.1580041580043396e-05,4.1580041580043396e-05,4.1580041580043396e-05,0.7679655695039028,4.1580041580043396e-05,4.1580041580043396e-05,4.1580041580043396e-05,4.1580041580043396e-05,4.1580041580043396e-05,4.1580041580043396e-05,4.1580041580043396e-05,4.1580041580043396e-05,4.1580041580043396e-05,4.1580041580043396e-05,4.1580041580043396e-05,4.1580041580043396e-05,4.1580041580043396e-05,4.1580041580043396e-05,0.1687231795164958,4.1580041580043396e-05,4.1580041580043396e-05,4.1580041580043396e-05,0.06135698902533954,4.1580041580043396e-05,4.1580041580043396e-05,4.1580041580043396e-05,4.1580041580043396e-05,4.1580041580043396e-05,4.1580041580043396e-05,4.1580041580043396e-05,SidebarNavigation,2016-10
MoodleProvider,3.0025521693441756e-06,3.0025521693441756e-06,3.0025521693441756e-06,3.0025521693441756e-06,3.0025521693441756e-06,3.0025521693441756e-06,3.0025521693441756e-06,3.0025521693441756e-06,3.0025521693441756e-06,3.0025521693441756e-06,3.0025521693441756e-06,3.0025521693441756e-06,3.0025521693441756e-06,3.0025521693441756e-06,3.0025521693441756e-06,3.0025521693441756e-06,3.0025521693441756e-06,3.0025521693441756e-06,3.0025521693441756e-06,3.0025521693441756e-06,3.0025521693441756e-06,3.0025521693441756e-06,3.0025521693441756e-06,3.0025521693441756e-06,3.0025521693441756e-06,3.0025521693441756e-06,3.0025521693441756e-06,3.0025521693441756e-06,3.0025521693441756e-06,3.0025521693441756e-06,3.0025521693441756e-06,3.0025521693441756e-06,3.0025521693441756e-06,3.0025521693441756e-06,3.0025521693441756e-06,3.0025521693441756e-06,3.0025521693441756e-06,3.0025521693441756e-06,3.0025521693441756e-06,3.0025521693441756e-06,3.0025521693441756e-06,3.0025521693441756e-06,3.0025521693441756e-06,3.0025521693441756e-06,3.0025521693441756e-06,0.9998528749437021,3.0025521693441756e-06,3.0025521693441756e-06,3.0025521693441756e-06,3.0025521693441756e-06,MoodleProvider,2016-10
ImportAnnotations,6.578947368421199e-05,6.578947368421199e-05,6.578947368421199e-05,6.578947368421199e-05,6.578947368421199e-05,6.578947368421199e-05,6.578947368421199e-05,6.578947368421199e-05,6.578947368421199e-05,6.578947368421199e-05,6.578947368421199e-05,6.578947368421199e-05,6.578947368421199e-05,6.578947368421199e-05,6.578947368421199e-05,6.578947368421199e-05,6.578947368421199e-05,6.578947368421199e-05,6.578947368421199e-05,6.578947368421199e-05,6.578947368421199e-05,6.578947368421199e-05,6.578947368421199e-05,0.18088029486211632,6.578947368421199e-05,6.578947368421199e-05,6.578947368421199e-05,6.578947368421199e-05,6.578947368421199e-05,6.578947368421199e-05,6.578947368421199e-05,6.578947368421199e-05,6.578947368421199e-05,6.578947368421199e-05,0.8159618104010414,6.578947368421199e-05,6.578947368421199e-05,6.578947368421199e-05,6.578947368421199e-05,6.578947368421199e-05,6.578947368421199e-05,6.578947368421199e-05,6.578947368421199e-05,6.578947368421199e-05,6.578947368421199e-05,6.578947368421199e-05,6.578947368421199e-05,6.578947368421199e-05,6.578947368421199e-05,6.578947368421199e-05,ImportAnnotations,2016-10
Alphabetical,0.9387499999999999,0.001250000000000006,0.001250000000000006,0.001250000000000006,0.001250000000000006,0.001250000000000006,0.001250000000000006,0.001250000000000006,0.001250000000000006,0.001250000000000006,0.001250000000000006,0.001250000000000006,0.001250000000000006,0.001250000000000006,0.001250000000000006,0.001250000000000006,0.001250000000000006,0.001250000000000006,0.001250000000000006,0.001250000000000006,0.001250000000000006,0.001250000000000006,0.001250000000000006,0.001250000000000006,0.001250000000000006,0.001250000000000006,0.001250000000000006,0.001250000000000006,0.001250000000000006,0.001250000000000006,0.001250000000000006,0.001250000000000006,0.001250000000000006,0.001250000000000006,0.001250000000000006,0.001250000000000006,0.001250000000000006,0.001250000000000006,0.001250000000000006,0.001250000000000006,0.001250000000000006,0.001250000000000006,0.001250000000000006,0.001250000000000006,0.001250000000000006,0.001250000000000006,0.001250000000000006,0.001250000000000006,0.001250000000000006,0.001250000000000006,Alphabetical,2016-10
DeleteAll,8.474576271186752e-05,8.474576271186752e-05,8.474576271186752e-05,8.474576271186752e-05,8.474576271186752e-05,8.474576271186752e-05,8.474576271186752e-05,8.474576271186752e-05,8.474576271186752e-05,0.6869574082591351,8.474576271186752e-05,8.474576271186752e-05,8.474576271186752e-05,8.474576271186752e-05,8.474576271186752e-05,8.474576271186752e-05,8.474576271186752e-05,8.474576271186752e-05,8.474576271186752e-05,8.474576271186752e-05,8.474576271186752e-05,8.474576271186752e-05,8.474576271186752e-05,8.474576271186752e-05,8.474576271186752e-05,0.1930721613389868,8.474576271186752e-05,8.474576271186752e-05,8.474576271186752e-05,8.474576271186752e-05,8.474576271186752e-05,8.474576271186752e-05,8.474576271186752e-05,8.474576271186752e-05,8.474576271186752e-05,8.474576271186752e-05,8.474576271186752e-05,8.474576271186752e-05,8.474576271186752e-05,8.474576271186752e-05,8.474576271186752e-05,8.474576271186752e-05,8.474576271186752e-05,8.474576271186752e-05,0.11598737955442003,8.474576271186752e-05,8.474576271186752e-05,8.474576271186752e-05,8.474576271186752e-05,8.474576271186752e-05,DeleteAll,2016-10
Remote,0.00019417475728156667,0.00019417475728156667,0.00019417475728156667,0.00019417475728156667,0.026822589227905973,0.5167668439142716,0.00019417475728156667,0.00019417475728156667,0.00019417475728156667,0.192456797751634,0.00019417475728156667,0.00019417475728156667,0.00019417475728156667,0.00019417475728156667,0.00019417475728156667,0.00019417475728156667,0.00019417475728156667,0.00019417475728156667,0.00019417475728156667,0.00019417475728156667,0.00019417475728156667,0.00019417475728156667,0.00019417475728156667,0.00019417475728156667,0.00019417475728156667,0.00019417475728156667,0.00019417475728156667,0.00019417475728156667,0.00019417475728156667,0.00019417475728156667,0.00019417475728156667,0.00019417475728156667,0.00019417475728156667,0.00019417475728156667,0.0325409470964537,0.00019417475728156667,0.00019417475728156667,0.00019417475728156667,0.22267495793206413,0.00019417475728156667,0.00019417475728156667,0.00019417475728156667,0.00019417475728156667,0.00019417475728156667,0.00019417475728156667,0.00019417475728156667,0.00019417475728156667,0.00019417475728156667,0.00019417475728156667,0.00019417475728156667,Remote,2016-10
JSON,0.00015625000000000312,0.00015625000000000312,0.00015625000000000312,0.00015625000000000312,0.00015625000000000312,0.00015625000000000312,0.00015625000000000312,0.00015625000000000312,0.00015625000000000312,0.00015625000000000312,0.00015625000000000312,0.00015625000000000312,0.00015625000000000312,0.00015625000000000312,0.00015625000000000312,0.00015625000000000312,0.00015625000000000312,0.00015625000000000312,0.00015625000000000312,0.00015625000000000312,0.00015625000000000312,0.00015625000000000312,0.00015625000000000312,0.00015625000000000312,0.00015625000000000312,0.00015625000000000312,0.00015625000000000312,0.00015625000000000312,0.00015625000000000312,0.00015625000000000312,0.00015625000000000312,0.00015625000000000312,0.00015625000000000312,0.00015625000000000312,0.99234375,0.00015625000000000312,0.00015625000000000312,0.00015625000000000312,0.00015625000000000312,0.00015625000000000312,0.00015625000000000312,0.00015625000000000312,0.00015625000000000312,0.00015625000000000312,0.00015625000000000312,0.00015625000000000312,0.00015625000000000312,0.00015625000000000312,0.00015625000000000312,0.00015625000000000312,JSON,2016-10
ApplicationBased,1.4914243102163623e-05,1.4914243102163623e-05,1.4914243102163623e-05,1.4914243102163623e-05,1.4914243102163623e-05,0.23502383720731118,1.4914243102163623e-05,1.4914243102163623e-05,1.4914243102163623e-05,1.4914243102163623e-05,1.4914243102163623e-05,1.4914243102163623e-05,1.4914243102163623e-05,1.4914243102163623e-05,1.4914243102163623e-05,1.4914243102163623e-05,1.4914243102163623e-05,1.4914243102163623e-05,1.4914243102163623e-05,1.4914243102163623e-05,1.4914243102163623e-05,1.4914243102163623e-05,1.4914243102163623e-05,1.4914243102163623e-05,1.4914243102163623e-05,0.7337392665764225,1.4914243102163623e-05,1.4914243102163623e-05,1.4914243102163623e-05,1.4914243102163623e-05,1.4914243102163623e-05,1.4914243102163623e-05,1.4914243102163623e-05,1.4914243102163623e-05,1.4914243102163623e-05,1.4914243102163623e-05,1.4914243102163623e-05,1.4914243102163623e-05,1.4914243102163623e-05,1.4914243102163623e-05,1.4914243102163623e-05,1.4914243102163623e-05,1.4914243102163623e-05,1.4914243102163623e-05,1.4914243102163623e-05,0.030535926790464685,1.4914243102163623e-05,1.4914243102163623e-05,1.4914243102163623e-05,1.4914243102163623e-05,ApplicationBased,2016-10
URL,0.002857142857142922,0.002857142857142922,0.002857142857142922,0.002857142857142922,0.002857142857142922,0.002857142857142922,0.002857142857142922,0.002857142857142922,0.8599999999999971,0.002857142857142922,0.002857142857142922,0.002857142857142922,0.002857142857142922,0.002857142857142922,0.002857142857142922,0.002857142857142922,0.002857142857142922,0.002857142857142922,0.002857142857142922,0.002857142857142922,0.002857142857142922,0.002857142857142922,0.002857142857142922,0.002857142857142922,0.002857142857142922,0.002857142857142922,0.002857142857142922,0.002857142857142922,0.002857142857142922,0.002857142857142922,0.002857142857142922,0.002857142857142922,0.002857142857142922,0.002857142857142922,0.002857142857142922,0.002857142857142922,0.002857142857142922,0.002857142857142922,0.002857142857142922,0.002857142857142922,0.002857142857142922,0.002857142857142922,0.002857142857142922,0.002857142857142922,0.002857142857142922,0.002857142857142922,0.002857142857142922,0.002857142857142922,0.002857142857142922,0.002857142857142922,URL,2016-10
URN,0.00020833333333334283,0.00020833333333334283,0.00020833333333334283,0.00020833333333334283,0.00020833333333334283,0.00020833333333334283,0.00020833333333334283,0.00020833333333334283,0.29921815030907367,0.00020833333333334283,0.00020833333333334283,0.00020833333333334283,0.00020833333333334283,0.00020833333333334283,0.00020833333333334283,0.00020833333333334283,0.00020833333333334283,0.00020833333333334283,0.00020833333333334283,0.00020833333333334283,0.00020833333333334283,0.00020833333333334283,0.00020833333333334283,0.00020833333333334283,0.00020833333333334283,0.00020833333333334283,0.00020833333333334283,0.00020833333333334283,0.00020833333333334283,0.00020833333333334283,0.00020833333333334283,0.00020833333333334283,0.00020833333333334283,0.00020833333333334283,0.00020833333333334283,0.00020833333333334283,0.00020833333333334283,0.00020833333333334283,0.00020833333333334283,0.00020833333333334283,0.00020833333333334283,0.00020833333333334283,0.00020833333333334283,0.00020833333333334283,0.690781849690926,0.00020833333333334283,0.00020833333333334283,0.00020833333333334283,0.00020833333333334283,0.00020833333333334283,URN,2016-10
TXT,0.0003636363636363974,0.0003636363636363974,0.0003636363636363974,0.0003636363636363974,0.0003636363636363974,0.0003636363636363974,0.0003636363636363974,0.0003636363636363974,0.17855970744559932,0.0003636363636363974,0.0003636363636363974,0.0003636363636363974,0.0003636363636363974,0.0003636363636363974,0.0003636363636363974,0.0003636363636363974,0.0003636363636363974,0.0003636363636363974,0.0003636363636363974,0.0003636363636363974,0.0003636363636363974,0.21959582755248863,0.0003636363636363974,0.0003636363636363974,0.0003636363636363974,0.0003636363636363974,0.0003636363636363974,0.0003636363636363974,0.0003636363636363974,0.0003636363636363974,0.0003636363636363974,0.0003636363636363974,0.0003636363636363974,0.0003636363636363974,0.0003636363636363974,0.0003636363636363974,0.0003636363636363974,0.0003636363636363974,0.0003636363636363974,0.0003636363636363974,0.0003636363636363974,0.0003636363636363974,0.09984208541244434,0.0003636363636363974,0.4852751068621932,0.0003636363636363974,0.0003636363636363974,0.0003636363636363974,0.0003636363636363974,0.0003636363636363974,TXT,2016-10
Autocomplete,0.00010752688172044416,0.00010752688172044416,0.00010752688172044416,0.00010752688172044416,0.19976437988942883,0.00010752688172044416,0.00010752688172044416,0.00010752688172044416,0.00010752688172044416,0.00010752688172044416,0.00010752688172044416,0.00010752688172044416,0.00010752688172044416,0.00010752688172044416,0.00010752688172044416,0.00010752688172044416,0.02202585181514055,0.00010752688172044416,0.00010752688172044416,0.00010752688172044416,0.00010752688172044416,0.00010752688172044416,0.00010752688172044416,0.37804523958158576,0.00010752688172044416,0.00010752688172044416,0.00010752688172044416,0.00010752688172044416,0.00010752688172044416,0.00010752688172044416,0.00010752688172044416,0.00010752688172044416,0.00010752688172044416,0.00010752688172044416,0.00010752688172044416,0.00010752688172044416,0.00010752688172044416,0.00010752688172044416,0.35832356089140543,0.00010752688172044416,0.00010752688172044416,0.00010752688172044416,0.00010752688172044416,0.00010752688172044416,0.00010752688172044416,0.037002258145019305,0.00010752688172044416,0.00010752688172044416,0.00010752688172044416,0.00010752688172044416,Autocomplete,2016-10
GoogleSheetProvider,9.505703422053815e-06,9.505703422053815e-06,9.505703422053815e-06,9.505703422053815e-06,9.505703422053815e-06,0.09189385703800322,9.505703422053815e-06,9.505703422053815e-06,9.505703422053815e-06,9.505703422053815e-06,9.505703422053815e-06,9.505703422053815e-06,9.505703422053815e-06,9.505703422053815e-06,9.505703422053815e-06,9.505703422053815e-06,9.505703422053815e-06,9.505703422053815e-06,9.505703422053815e-06,9.505703422053815e-06,9.505703422053815e-06,9.505703422053815e-06,9.505703422053815e-06,9.505703422053898e-06,9.505703422053815e-06,9.505703422053815e-06,9.505703422053815e-06,9.505703422053815e-06,9.505703422053815e-06,9.505703422053815e-06,9.505703422053815e-06,9.505703422053815e-06,9.505703422053815e-06,9.505703422053815e-06,9.505703422053815e-06,9.505703422053815e-06,9.505703422053815e-06,9.505703422053815e-06,9.505703422053815e-06,9.505703422053815e-06,9.505703422053815e-06,9.505703422053815e-06,9.505703422053815e-06,0.9076498691977382,9.505703422053815e-06,9.505703422053815e-06,9.505703422053815e-06,9.505703422053815e-06,9.505703422053815e-06,9.505703422053815e-06,GoogleSheetProvider,2016-10
PreviousAssignments,3.5149384885765605e-05,3.5149384885765605e-05,3.5149384885765605e-05,3.5149384885765605e-05,0.9982776801405977,3.5149384885765605e-05,3.5149384885765605e-05,3.5149384885765605e-05,3.5149384885765605e-05,3.5149384885765605e-05,3.5149384885765605e-05,3.5149384885765605e-05,3.5149384885765605e-05,3.5149384885765605e-05,3.5149384885765605e-05,3.5149384885765605e-05,3.5149384885765605e-05,3.5149384885765605e-05,3.5149384885765605e-05,3.5149384885765605e-05,3.5149384885765605e-05,3.5149384885765605e-05,3.5149384885765605e-05,3.5149384885765605e-05,3.5149384885765605e-05,3.5149384885765605e-05,3.5149384885765605e-05,3.5149384885765605e-05,3.5149384885765605e-05,3.5149384885765605e-05,3.5149384885765605e-05,3.5149384885765605e-05,3.5149384885765605e-05,3.5149384885765605e-05,3.5149384885765605e-05,3.5149384885765605e-05,3.5149384885765605e-05,3.5149384885765605e-05,3.5149384885765605e-05,3.5149384885765605e-05,3.5149384885765605e-05,3.5149384885765605e-05,3.5149384885765605e-05,3.5149384885765605e-05,3.5149384885765605e-05,3.5149384885765605e-05,3.5149384885765605e-05,3.5149384885765605e-05,3.5149384885765605e-05,3.5149384885765605e-05,PreviousAssignments,2016-10
Codebook,2.9985007496253355e-05,2.9985007496253355e-05,2.9985007496253355e-05,2.9985007496253355e-05,2.9985007496253355e-05,0.16092100967622197,2.9985007496253355e-05,2.9985007496253355e-05,2.9985007496253355e-05,2.9985007496253355e-05,2.9985007496253355e-05,2.9985007496253355e-05,2.9985007496253355e-05,2.9985007496253355e-05,2.9985007496253355e-05,2.9985007496253355e-05,2.9985007496253355e-05,2.9985007496253355e-05,2.9985007496253355e-05,2.9985007496253355e-05,2.9985007496253355e-05,2.9985007496253355e-05,2.9985007496253355e-05,0.3216244591037587,2.9985007496253355e-05,0.4028730674534531,2.9985007496253355e-05,2.9985007496253355e-05,2.9985007496253355e-05,2.9985007496253355e-05,2.9985007496253355e-05,2.9985007496253355e-05,2.9985007496253355e-05,2.9985007496253355e-05,0.11320215342173881,2.9985007496253355e-05,2.9985007496253355e-05,2.9985007496253355e-05,2.9985007496253355e-05,2.9985007496253355e-05,2.9985007496253355e-05,2.9985007496253355e-05,2.9985007496253355e-05,2.9985007496253355e-05,2.9985007496253355e-05,2.9985007496253355e-05,2.9985007496253355e-05,2.9985007496253355e-05,2.9985007496253355e-05,2.9985007496253355e-05,Codebook,2016-10
PDF,0.0005000000000000565,0.0005000000000000565,0.0005000000000000565,0.0005000000000000565,0.0005000000000000565,0.0005000000000000565,0.0005000000000000565,0.0005000000000000565,0.06721310419036311,0.0005000000000000565,0.0005000000000000565,0.0005000000000000565,0.0005000000000000565,0.0005000000000000565,0.0005000000000000565,0.0005000000000000565,0.0005000000000000565,0.0005000000000000565,0.0005000000000000565,0.0005000000000000565,0.0005000000000000565,0.6657726888797515,0.0005000000000000565,0.0005000000000000565,0.0005000000000000565,0.04145570422266414,0.0005000000000000565,0.0005000000000000565,0.0005000000000000565,0.0005000000000000565,0.0005000000000000565,0.0005000000000000565,0.0005000000000000565,0.0005000000000000565,0.0005000000000000565,0.0005000000000000565,0.0005000000000000565,0.0005000000000000565,0.20255850270721854,0.0005000000000000565,0.0005000000000000565,0.0005000000000000565,0.0005000000000000565,0.0005000000000000565,0.0005000000000000565,0.0005000000000000565,0.0005000000000000565,0.0005000000000000565,0.0005000000000000565,0.0005000000000000565,PDF,2016-10
Number,0.93875,0.001250000000000004,0.001250000000000004,0.001250000000000004,0.001250000000000004,0.001250000000000004,0.001250000000000004,0.001250000000000004,0.001250000000000004,0.001250000000000004,0.001250000000000004,0.001250000000000004,0.001250000000000004,0.001250000000000004,0.001250000000000004,0.001250000000000004,0.001250000000000004,0.001250000000000004,0.001250000000000004,0.001250000000000004,0.001250000000000004,0.001250000000000004,0.001250000000000004,0.001250000000000004,0.001250000000000004,0.001250000000000004,0.001250000000000004,0.001250000000000004,0.001250000000000004,0.001250000000000004,0.001250000000000004,0.001250000000000004,0.001250000000000004,0.001250000000000004,0.001250000000000004,0.001250000000000004,0.001250000000000004,0.001250000000000004,0.001250000000000004,0.001250000000000004,0.001250000000000004,0.001250000000000004,0.001250000000000004,0.001250000000000004,0.001250000000000004,0.001250000000000004,0.001250000000000004,0.001250000000000004,0.001250000000000004,0.001250000000000004,Number,2016-10
AnnotatedPDF,7.462686567164416e-05,7.462686567164416e-05,7.462686567164416e-05,7.462686567164416e-05,7.462686567164416e-05,7.462686567164416e-05,7.462686567164416e-05,7.462686567164416e-05,7.462686567164416e-05,7.462686567164416e-05,7.462686567164416e-05,7.462686567164416e-05,7.462686567164416e-05,7.462686567164416e-05,7.462686567164416e-05,7.462686567164416e-05,7.462686567164416e-05,7.462686567164416e-05,7.462686567164416e-05,7.462686567164416e-05,7.462686567164416e-05,0.9008228236364001,7.462686567164416e-05,7.462686567164416e-05,7.462686567164416e-05,7.462686567164416e-05,7.462686567164416e-05,7.462686567164416e-05,7.462686567164416e-05,7.462686567164416e-05,7.462686567164416e-05,7.462686567164416e-05,7.462686567164416e-05,7.462686567164416e-05,7.462686567164416e-05,7.462686567164416e-05,7.462686567164416e-05,7.462686567164416e-05,7.462686567164416e-05,7.462686567164416e-05,7.462686567164416e-05,7.462686567164416e-05,7.462686567164416e-05,7.462686567164416e-05,0.09559508681136095,7.462686567164416e-05,7.462686567164416e-05,7.462686567164416e-05,7.462686567164416e-05,7.462686567164416e-05,AnnotatedPDF,2016-10
SentimentAnalysis,0.0002816901408450754,0.0002816901408450754,0.0002816901408450754,0.0002816901408450754,0.0002816901408450754,0.0002816901408450754,0.0002816901408450754,0.0002816901408450754,0.0002816901408450754,0.0002816901408450754,0.0002816901408450754,0.0002816901408450754,0.0002816901408450754,0.0002816901408450754,0.0002816901408450754,0.0002816901408450754,0.9861971830985915,0.0002816901408450754,0.0002816901408450754,0.0002816901408450754,0.0002816901408450754,0.0002816901408450754,0.0002816901408450754,0.0002816901408450754,0.0002816901408450754,0.0002816901408450754,0.0002816901408450754,0.0002816901408450754,0.0002816901408450754,0.0002816901408450754,0.0002816901408450754,0.0002816901408450754,0.0002816901408450754,0.0002816901408450754,0.0002816901408450754,0.0002816901408450754,0.0002816901408450754,0.0002816901408450754,0.0002816901408450754,0.0002816901408450754,0.0002816901408450754,0.0002816901408450754,0.0002816901408450754,0.0002816901408450754,0.0002816901408450754,0.0002816901408450754,0.0002816901408450754,0.0002816901408450754,0.0002816901408450754,0.0002816901408450754,SentimentAnalysis,2016-10
Create,0.00010526315789473952,0.00010526315789473952,0.00010526315789473952,0.00010526315789473952,0.00010526315789473952,0.00010526315789473952,0.00010526315789473952,0.00010526315789473952,0.00010526315789473952,0.727616098366253,0.00010526315789473952,0.00010526315789473952,0.00010526315789473952,0.00010526315789473952,0.00010526315789473952,0.00010526315789473952,0.00010526315789473952,0.00010526315789473952,0.00010526315789473952,0.00010526315789473952,0.00010526315789473952,0.00010526315789473952,0.00010526315789473952,0.00010526315789473952,0.00010526315789473952,0.00010526315789473952,0.00010526315789473952,0.00010526315789473952,0.00010526315789473952,0.00010526315789473952,0.00010526315789473952,0.00010526315789473952,0.00010526315789473952,0.00010526315789473952,0.00010526315789473952,0.00010526315789473952,0.00010526315789473952,0.00010526315789473952,0.26733127005479906,0.00010526315789473952,0.00010526315789473952,0.00010526315789473952,0.00010526315789473952,0.00010526315789473952,0.00010526315789473952,0.00010526315789473952,0.00010526315789473952,0.00010526315789473952,0.00010526315789473952,0.00010526315789473952,Create,2016-10
GoogleSheetConsumer,1.9138755980862134e-05,1.9138755980862134e-05,1.9138755980862134e-05,1.9138755980862134e-05,1.9138755980862134e-05,1.9138755980862134e-05,1.9138755980862134e-05,1.9138755980862134e-05,1.9138755980862134e-05,1.9138755980862134e-05,1.9138755980862134e-05,1.9138755980862134e-05,1.9138755980862134e-05,1.9138755980862134e-05,1.9138755980862134e-05,1.9138755980862134e-05,1.9138755980862134e-05,1.9138755980862134e-05,1.9138755980862134e-05,1.9138755980862134e-05,1.9138755980862134e-05,1.9138755980862134e-05,1.9138755980862134e-05,1.9138755980862134e-05,1.9138755980862134e-05,1.9138755980862134e-05,1.9138755980862134e-05,1.9138755980862134e-05,1.9138755980862134e-05,1.9138755980862134e-05,1.9138755980862134e-05,1.9138755980862134e-05,1.9138755980862134e-05,1.9138755980862134e-05,1.9138755980862134e-05,1.9138755980862134e-05,1.9138755980862134e-05,1.9138755980862134e-05,1.9138755980862134e-05,1.9138755980862134e-05,1.9138755980862134e-05,1.9138755980862134e-05,1.9138755980862134e-05,0.999062200956938,1.9138755980862134e-05,1.9138755980862134e-05,1.9138755980862134e-05,1.9138755980862134e-05,1.9138755980862134e-05,1.9138755980862134e-05,GoogleSheetConsumer,2016-10
CodebookUpdate,6.861063464837491e-06,6.861063464837491e-06,6.861063464837491e-06,6.861063464837491e-06,6.861063464880059e-06,6.861063464837491e-06,6.861063464837491e-06,6.861063464837491e-06,6.861063464837491e-06,0.03133960944712789,6.861063464837491e-06,6.861063464837491e-06,6.861063464837491e-06,6.861063464837491e-06,6.861063464837491e-06,6.861063464837491e-06,6.861063464837491e-06,6.861063464837491e-06,6.861063464837491e-06,6.861063464837491e-06,6.861063464837491e-06,6.861063464837491e-06,6.861063464837491e-06,0.8676774387262927,6.861063464837491e-06,0.10066048184373205,6.861063464837491e-06,6.861063464837491e-06,6.861063464837491e-06,6.861063464837491e-06,6.861063464837491e-06,6.861063464837491e-06,6.861063464837491e-06,6.861063464837491e-06,6.861063464837491e-06,6.861063464837491e-06,6.861063464837491e-06,6.861063464837491e-06,6.861063464837491e-06,6.861063464837491e-06,6.861063464837491e-06,6.861063464837491e-06,6.861063464837491e-06,6.861063464837491e-06,6.861063464837491e-06,6.861063464837491e-06,6.861063464837491e-06,6.861063464837491e-06,6.861063464837491e-06,6.861063464837491e-06,CodebookUpdate,2016-10
Export,0.0007142857142857488,0.0007142857142857488,0.0007142857142857488,0.0007142857142857488,0.0007142857142857488,0.0007142857142857488,0.0007142857142857488,0.0007142857142857488,0.0007142857142857488,0.0007142857142857488,0.0007142857142857488,0.0007142857142857488,0.0007142857142857488,0.0007142857142857488,0.0007142857142857488,0.0007142857142857488,0.0007142857142857488,0.0007142857142857488,0.0007142857142857488,0.0007142857142857488,0.0007142857142857488,0.0007142857142857488,0.0007142857142857488,0.3897754722822259,0.0007142857142857488,0.0007142857142857488,0.0007142857142857488,0.0007142857142857488,0.0007142857142857488,0.0007142857142857488,0.0007142857142857488,0.0007142857142857488,0.0007142857142857488,0.0007142857142857488,0.5759388134320584,0.0007142857142857488,0.0007142857142857488,0.0007142857142857488,0.0007142857142857488,0.0007142857142857488,0.0007142857142857488,0.0007142857142857488,0.0007142857142857488,0.0007142857142857488,0.0007142857142857488,0.0007142857142857488,0.0007142857142857488,0.0007142857142857488,0.0007142857142857488,0.0007142857142857488,Export,2016-10
BrowserStorage,3.773584905660692e-05,3.773584905660692e-05,3.773584905660692e-05,3.773584905660692e-05,3.773584905660692e-05,0.8809966498629398,3.773584905660692e-05,3.773584905660692e-05,3.773584905660692e-05,3.773584905660692e-05,3.773584905660692e-05,3.773584905660692e-05,3.773584905660692e-05,3.773584905660692e-05,3.773584905660692e-05,3.773584905660692e-05,3.773584905660692e-05,3.773584905660692e-05,3.773584905660692e-05,3.773584905660692e-05,3.773584905660692e-05,3.773584905660692e-05,3.773584905660692e-05,3.773584905660692e-05,3.773584905660692e-05,0.11719202938234317,3.773584905660692e-05,3.773584905660692e-05,3.773584905660692e-05,3.773584905660692e-05,3.773584905660692e-05,3.773584905660692e-05,3.773584905660692e-05,3.773584905660692e-05,3.773584905660692e-05,3.773584905660692e-05,3.773584905660692e-05,3.773584905660692e-05,3.773584905660692e-05,3.773584905660692e-05,3.773584905660692e-05,3.773584905660692e-05,3.773584905660692e-05,3.773584905660692e-05,3.773584905660692e-05,3.773584905660692e-05,3.773584905660692e-05,3.773584905660692e-05,3.773584905660692e-05,3.773584905660692e-05,BrowserStorage,2016-10
Dropbox,0.0001574803149606323,0.0001574803149606323,0.0001574803149606323,0.0001574803149606323,0.0001574803149606323,0.0001574803149606323,0.0001574803149606323,0.0001574803149606323,0.9922834645669291,0.0001574803149606323,0.0001574803149606323,0.0001574803149606323,0.0001574803149606323,0.0001574803149606323,0.0001574803149606323,0.0001574803149606323,0.0001574803149606323,0.0001574803149606323,0.00015748031496073516,0.0001574803149606323,0.0001574803149606323,0.0001574803149606323,0.0001574803149606323,0.0001574803149606323,0.0001574803149606323,0.0001574803149606323,0.0001574803149606323,0.0001574803149606323,0.0001574803149606323,0.0001574803149606323,0.0001574803149606323,0.0001574803149606323,0.0001574803149606323,0.0001574803149606323,0.0001574803149606323,0.0001574803149606323,0.0001574803149606323,0.0001574803149606323,0.0001574803149606323,0.0001574803149606323,0.0001574803149606323,0.0001574803149606323,0.0001574803149606323,0.0001574803149606323,0.0001574803149606323,0.0001574803149606323,0.0001574803149606323,0.0001574803149606323,0.0001574803149606323,0.0001574803149606323,Dropbox,2016-10
BuiltIn,1.4316392269149151e-05,1.4316392269149151e-05,1.4316392269149151e-05,1.4316392269149151e-05,1.4316392269149151e-05,0.14791957405246411,1.4316392269149151e-05,1.4316392269149151e-05,1.4316392269149151e-05,1.4316392269149151e-05,1.4316392269149151e-05,1.4316392269149151e-05,1.4316392269149151e-05,1.4316392269149151e-05,1.4316392269149151e-05,1.4316392269149151e-05,1.4316392269149151e-05,1.4316392269149151e-05,1.4316392269149151e-05,1.4316392269149151e-05,1.4316392269149151e-05,1.4316392269149151e-05,1.4316392269149151e-05,0.05624047437734532,1.4316392269149151e-05,0.7025697455222506,1.4316392269149151e-05,1.4316392269149151e-05,1.4316392269149151e-05,1.4316392269149151e-05,1.4316392269149151e-05,1.4316392269149151e-05,1.4316392269149151e-05,1.4316392269149151e-05,0.09261165200355902,1.4316392269149151e-05,1.4316392269149151e-05,1.4316392269149151e-05,1.4316392269149151e-05,1.4316392269149151e-05,1.4316392269149151e-05,1.4316392269149151e-05,1.4316392269149151e-05,1.4316392269149151e-05,1.4316392269149151e-05,1.4316392269149151e-05,1.4316392269149151e-05,1.4316392269149151e-05,1.4316392269149151e-05,1.4316392269149151e-05,BuiltIn,2016-10
Classifying,5.540166204986384e-05,5.540166204986384e-05,5.540166204986384e-05,5.540166204986384e-05,5.540166204986384e-05,5.540166204986384e-05,5.540166204986384e-05,5.540166204986384e-05,5.540166204986384e-05,5.540166204986384e-05,5.540166204986384e-05,5.540166204986384e-05,5.540166204986384e-05,5.540166204986384e-05,5.540166204986384e-05,5.540166204986384e-05,5.540166204986384e-05,5.540166204986384e-05,5.540166204986384e-05,5.540166204986384e-05,5.540166204986384e-05,5.540166204986384e-05,5.540166204986384e-05,0.4863678681164225,5.540166204986384e-05,5.540166204986384e-05,5.540166204986384e-05,5.540166204986384e-05,5.540166204986384e-05,5.540166204986384e-05,5.540166204986384e-05,5.540166204986384e-05,5.540166204986384e-05,5.540166204986384e-05,5.540166204986384e-05,5.540166204986384e-05,5.540166204986384e-05,5.540166204986384e-05,0.42553194750842055,5.540166204986384e-05,5.540166204986384e-05,5.540166204986384e-05,0.08549630625881337,5.540166204986384e-05,5.540166204986384e-05,5.540166204986384e-05,5.540166204986384e-05,5.540166204986384e-05,5.540166204986384e-05,5.540166204986384e-05,Classifying,2016-10
Replying,4.524886877828185e-05,4.524886877828185e-05,4.524886877828185e-05,4.524886877828185e-05,4.524886877828185e-05,4.524886877828185e-05,4.524886877828185e-05,4.524886877828185e-05,4.524886877828185e-05,4.524886877828185e-05,4.524886877828185e-05,4.524886877828185e-05,4.524886877828185e-05,4.524886877828185e-05,4.524886877828185e-05,4.524886877828185e-05,4.524886877828185e-05,4.524886877828185e-05,4.524886877828185e-05,4.524886877828185e-05,4.524886877828185e-05,4.524886877828185e-05,4.524886877828185e-05,4.524886877828185e-05,4.524886877828185e-05,4.524886877828185e-05,4.524886877828185e-05,4.524886877828185e-05,4.524886877828185e-05,4.524886877828185e-05,4.524886877828185e-05,4.524886877828185e-05,4.524886877828185e-05,4.524886877828185e-05,4.524886877828185e-05,4.524886877828185e-05,4.524886877828185e-05,4.524886877828185e-05,0.9977828054298643,4.524886877828185e-05,4.524886877828185e-05,4.524886877828185e-05,4.524886877828185e-05,4.524886877828185e-05,4.524886877828185e-05,4.524886877828185e-05,4.524886877828185e-05,4.524886877828185e-05,4.524886877828185e-05,4.524886877828185e-05,Replying,2016-10
ACM,9.345794392523554e-05,9.345794392523554e-05,9.345794392523554e-05,9.345794392523554e-05,9.345794392523554e-05,9.345794392523554e-05,9.345794392523554e-05,9.345794392523554e-05,9.345794392523554e-05,9.345794392523554e-05,9.345794392523554e-05,9.345794392523554e-05,9.345794392523554e-05,9.345794392523554e-05,9.345794392523554e-05,9.345794392523554e-05,9.345794392523554e-05,9.345794392523554e-05,9.345794392523554e-05,9.345794392523554e-05,9.345794392523554e-05,9.345794392523554e-05,9.345794392523554e-05,9.345794392523554e-05,9.345794392523554e-05,9.345794392523554e-05,9.345794392523554e-05,9.345794392523554e-05,9.345794392523554e-05,9.345794392523554e-05,9.345794392523554e-05,9.345794392523554e-05,9.345794392523554e-05,9.345794392523554e-05,9.345794392523554e-05,9.345794392523554e-05,9.345794392523554e-05,9.345794392523554e-05,9.345794392523554e-05,9.345794392523554e-05,9.345794392523554e-05,9.345794392523554e-05,9.345794392523554e-05,9.345794392523554e-05,0.9954205607476634,9.345794392523554e-05,9.345794392523554e-05,9.345794392523554e-05,9.345794392523554e-05,9.345794392523554e-05,ACM,2016-10
Date,0.93875,0.0012500000000000037,0.0012500000000000037,0.0012500000000000037,0.0012500000000000037,0.0012500000000000037,0.0012500000000000037,0.0012500000000000037,0.0012500000000000037,0.0012500000000000037,0.0012500000000000037,0.0012500000000000037,0.0012500000000000037,0.0012500000000000037,0.0012500000000000037,0.0012500000000000037,0.0012500000000000037,0.0012500000000000037,0.0012500000000000037,0.0012500000000000037,0.0012500000000000037,0.0012500000000000037,0.0012500000000000037,0.0012500000000000037,0.0012500000000000037,0.0012500000000000037,0.0012500000000000037,0.0012500000000000037,0.0012500000000000037,0.0012500000000000037,0.0012500000000000037,0.0012500000000000037,0.0012500000000000037,0.0012500000000000037,0.0012500000000000037,0.0012500000000000037,0.0012500000000000037,0.0012500000000000037,0.0012500000000000037,0.0012500000000000037,0.0012500000000000037,0.0012500000000000037,0.0012500000000000037,0.0012500000000000037,0.0012500000000000037,0.0012500000000000037,0.0012500000000000037,0.0012500000000000037,0.0012500000000000037,0.0012500000000000037,Date,2016-10
AnnotationList,0.0003030303030303146,0.0003030303030303146,0.0003030303030303146,0.0003030303030303146,0.0003030303030303146,0.0003030303030303146,0.0003030303030303146,0.0003030303030303146,0.0003030303030303146,0.4442908840755051,0.0003030303030303146,0.0003030303030303146,0.0003030303030303146,0.0003030303030303146,0.0003030303030303146,0.0003030303030303146,0.0003030303030303146,0.0003030303030303146,0.0003030303030303146,0.0003030303030303146,0.0003030303030303146,0.0003030303030303146,0.0003030303030303146,0.0003030303030303146,0.0003030303030303146,0.0003030303030303146,0.0003030303030303146,0.0003030303030303146,0.0003030303030303146,0.0003030303030303146,0.0003030303030303146,0.0003030303030303146,0.0003030303030303146,0.0003030303030303146,0.0003030303030303146,0.0003030303030303146,0.0003030303030303146,0.0003030303030303146,0.10091659760178152,0.0003030303030303146,0.0003030303030303146,0.0003030303030303146,0.0003030303030303146,0.0003030303030303146,0.44055009408028867,0.0003030303030303146,0.0003030303030303146,0.0003030303030303146,0.0003030303030303146,0.0003030303030303146,AnnotationList,2016-10
Neo4J,0.00010152284263960197,0.00010152284263960197,0.00010152284263960197,0.00010152284263960197,0.00010152284263960197,0.22284591981282348,0.00010152284263960197,0.00010152284263960197,0.00010152284263960197,0.25980219091606993,0.00010152284263960197,0.00010152284263960197,0.00010152284263960197,0.00010152284263960197,0.00010152284263960197,0.00010152284263960197,0.00010152284263960197,0.00010152284263960197,0.00010152284263960197,0.00010152284263960197,0.00010152284263960197,0.00010152284263960197,0.00010152284263960197,0.00010152284263960197,0.00010152284263960197,0.00010152284263960197,0.00010152284263960197,0.00010152284263960197,0.00010152284263960197,0.00010152284263960197,0.00010152284263960197,0.00010152284263960197,0.00010152284263960197,0.00010152284263960197,0.00010152284263960197,0.00010152284263960197,0.00010152284263960197,0.00010152284263960197,0.00010152284263960197,0.00010152284263960197,0.00010152284263960197,0.00010152284263960197,0.00010152284263960197,0.00010152284263960197,0.00010152284263960197,0.512580315667045,0.00010152284263960197,0.00010152284263960197,0.00010152284263960197,0.00010152284263960197,Neo4J,2016-10
RenameCodebook,2.8735632183908926e-05,2.8735632183908926e-05,2.8735632183908926e-05,2.8735632183908926e-05,2.8735632183908926e-05,2.8735632183908926e-05,2.8735632183908926e-05,2.8735632183908926e-05,2.8735632183908926e-05,2.8735632183908926e-05,2.8735632183908926e-05,2.8735632183908926e-05,2.8735632183908926e-05,2.8735632183908926e-05,2.8735632183908926e-05,2.8735632183908926e-05,2.8735632183908926e-05,2.8735632183908926e-05,2.8735632183908926e-05,2.8735632183908926e-05,2.8735632183908926e-05,2.8735632183908926e-05,2.8735632183908926e-05,2.8735632183909153e-05,2.8735632183908926e-05,0.9985919540229886,2.8735632183908926e-05,2.8735632183908926e-05,2.8735632183908926e-05,2.8735632183908926e-05,2.8735632183908926e-05,2.8735632183908926e-05,2.8735632183908926e-05,2.8735632183908926e-05,2.8735632183908926e-05,2.8735632183908926e-05,2.8735632183908926e-05,2.8735632183908926e-05,2.8735632183908926e-05,2.8735632183908926e-05,2.8735632183908926e-05,2.8735632183908926e-05,2.8735632183908926e-05,2.8735632183908926e-05,2.8735632183908926e-05,2.8735632183908926e-05,2.8735632183908926e-05,2.8735632183908926e-05,2.8735632183908926e-05,2.8735632183908926e-05,RenameCodebook,2016-10
SuggestedLiterature,0.00010526315789473995,0.00010526315789473995,0.00010526315789473995,0.00010526315789473995,0.00010526315789473995,0.00010526315789473995,0.00010526315789473995,0.00010526315789473995,0.00010526315789473995,0.00010526315789473995,0.00010526315789473995,0.00010526315789473995,0.00010526315789473995,0.00010526315789473995,0.00010526315789473995,0.00010526315789473995,0.00010526315789473995,0.00010526315789473995,0.00010526315789473995,0.00010526315789473995,0.00010526315789473995,0.00010526315789473995,0.00010526315789473995,0.00010526315789473995,0.00010526315789473995,0.00010526315789473995,0.00010526315789473995,0.00010526315789473995,0.00010526315789473995,0.00010526315789473995,0.00010526315789473995,0.00010526315789473995,0.00010526315789473995,0.00010526315789473995,0.00010526315789473995,0.00010526315789473995,0.00010526315789473995,0.00010526315789473995,0.00010526315789473995,0.00010526315789473995,0.00010526315789473995,0.00010526315789473995,0.9948421052631576,0.00010526315789473995,0.00010526315789473995,0.00010526315789473995,0.00010526315789473995,0.00010526315789473995,0.00010526315789473995,0.00010526315789473995,SuggestedLiterature,2016-10
Multivalued,2.9411764705883594e-05,2.9411764705883594e-05,2.9411764705883594e-05,2.9411764705883594e-05,2.9411764705883594e-05,2.9411764705883594e-05,2.9411764705883594e-05,2.9411764705883594e-05,2.9411764705883594e-05,2.9411764705883594e-05,2.9411764705883594e-05,2.9411764705883594e-05,2.9411764705883594e-05,2.9411764705883594e-05,2.9411764705883594e-05,2.9411764705883594e-05,2.9411764705883594e-05,2.9411764705883594e-05,2.9411764705883594e-05,2.9411764705883594e-05,2.9411764705883594e-05,2.9411764705883594e-05,2.9411764705883594e-05,0.9790372214531737,2.9411764705883594e-05,2.9411764705883594e-05,2.9411764705883594e-05,2.9411764705883594e-05,2.9411764705883594e-05,2.9411764705883594e-05,2.9411764705883594e-05,2.9411764705883594e-05,2.9411764705883594e-05,2.9411764705883594e-05,2.9411764705883594e-05,2.9411764705883594e-05,2.9411764705883594e-05,2.9411764705883594e-05,2.9411764705883594e-05,2.9411764705883594e-05,2.9411764705883594e-05,2.9411764705883594e-05,0.019551013840943914,2.9411764705883594e-05,2.9411764705883594e-05,2.9411764705883594e-05,2.9411764705883594e-05,2.9411764705883594e-05,2.9411764705883594e-05,2.9411764705883594e-05,Multivalued,2016-10
ImportCodebook,0.014768646133273246,2.865329512894182e-05,2.865329512894182e-05,2.865329512894182e-05,2.865329512894182e-05,0.040602627919379776,2.865329512894182e-05,2.865329512894182e-05,2.865329512894182e-05,2.865329512894182e-05,2.865329512894182e-05,2.865329512894182e-05,2.865329512894182e-05,2.865329512894182e-05,2.865329512894182e-05,2.865329512894182e-05,2.865329512894182e-05,2.865329512894182e-05,2.865329512894182e-05,2.865329512894182e-05,2.865329512894182e-05,2.865329512894182e-05,2.865329512894182e-05,0.10199151100847612,2.865329512894182e-05,0.5240804782833496,2.865329512894182e-05,2.865329512894182e-05,2.865329512894182e-05,2.865329512894182e-05,2.865329512894182e-05,2.865329512894182e-05,2.865329512894182e-05,2.865329512894182e-05,0.3172673383747191,2.865329512894182e-05,2.865329512894182e-05,2.865329512894182e-05,2.865329512894182e-05,2.865329512894182e-05,2.865329512894182e-05,2.865329512894182e-05,2.865329512894182e-05,2.865329512894182e-05,2.865329512894182e-05,2.865329512894182e-05,2.865329512894182e-05,2.865329512894182e-05,2.865329512894182e-05,2.865329512894182e-05,ImportCodebook,2016-10
